038,1192.5,99.36000061035156,353.55999755859375,saffron
038,544.1500244140625,145.19000244140625,108.7699966430664,saffron
038,626.1500244140625,176.1300048828125,149.38999938964844,saffron
038,352.2799987792969,217.19000244140625,109.13999938964844,saffron
038,574.0999755859375,283.04998779296875,22.030000686645508,saffron
038,892.9500122070312,313.5899963378906,162.75,saffron
038,406.70001220703125,341.3500061035156,33.150001525878906,saffron
038,532.5499877929688,361.1700134277344,352.3900146484375,saffron
038,344.19000244140625,370.45001220703125,1.3899999856948853,saffron
038,648.9000244140625,436.9599914550781,335.9100036621094,saffron
038,1113.0,440.7699890136719,44.81999969482422,saffron
038,907.0,466.1700134277344,24.920000076293945,saffron
038,349.80999755859375,483.2699890136719,147.8800048828125,saffron
038,768.7999877929688,486.30999755859375,130.85000610351562,saffron
038,1131.5999755859375,507.8500061035156,359.9599914550781,saffron
038,367.42999267578125,575.7999877929688,312.1000061035156,saffron
038,607.5999755859375,607.8499755859375,75.88999938964844,saffron
038,725.8499755859375,608.5999755859375,25.110000610351562,saffron
038,842.9500122070312,618.9500122070312,31.690000534057617,saffron
038,434.19000244140625,678.5,250.27999877929688,saffron
038,857.2000122070312,693.7000122070312,4.929999828338623,saffron
038,740.3499755859375,722.75,255.19000244140625,saffron
038,805.5499877929688,742.1500244140625,189.1300048828125,saffron
038,529.25,761.0999755859375,345.17999267578125,saffron
038,419.239990234375,781.0499877929688,3.75,saffron
038,535.4500122070312,820.75,12.739999771118164,saffron
038,520.5,824.25,316.95001220703125,saffron
038,1026.5999755859375,850.7999877929688,173.85000610351562,saffron
038,453.92999267578125,883.9000244140625,48.150001525878906,saffron
038,686.9000244140625,911.7999877929688,354.54998779296875,saffron
038,309.6499938964844,923.0999755859375,13.899999618530273,saffron
038,1201.199951171875,404.4800109863281,172.0,saffron
038,698.5499877929688,726.0999755859375,240.0,saffron
038,469.3299865722656,742.5499877929688,4.0,saffron
038,316.30999755859375,497.7699890136719,153.0,saffron
038,710.8499755859375,923.0499877929688,264.0,saffron
044,420.4100036621094,672.5999755859375,238.85000610351562,saffron
044,348.69000244140625,675.7000122070312,330.05999755859375,saffron
044,944.1500244140625,673.5499877929688,334.5799865722656,saffron
044,756.6500244140625,685.9000244140625,177.88999938964844,saffron
044,1139.300048828125,686.6500244140625,28.280000686645508,saffron
044,31.43000030517578,695.0499877929688,334.92999267578125,saffron
044,638.7000122070312,696.7999877929688,351.3900146484375,saffron
044,84.63999938964844,708.5999755859375,183.44000244140625,saffron
044,160.52999877929688,710.7999877929688,294.42999267578125,saffron
044,593.0,708.7999877929688,278.92999267578125,saffron
044,830.2000122070312,738.0499877929688,205.22999572753906,saffron
044,919.4000244140625,731.9500122070312,345.7300109863281,saffron
044,1074.9000244140625,748.0499877929688,8.850000381469727,saffron
044,1245.5,772.8499755859375,324.7300109863281,saffron
044,625.4500122070312,781.9000244140625,351.6000061035156,saffron
044,275.3999938964844,784.5,228.55999755859375,saffron
044,901.0499877929688,830.75,345.54998779296875,saffron
044,689.0499877929688,838.2999877929688,35.720001220703125,saffron
044,1021.5,843.5499877929688,313.6499938964844,saffron
044,252.97999572753906,850.9500122070312,158.5,saffron
044,1086.199951171875,851.0999755859375,62.7400016784668,saffron
044,291.1000061035156,855.6500244140625,2.8499999046325684,saffron
044,138.57000732421875,896.3499755859375,22.149999618530273,saffron
044,202.17999267578125,902.2000122070312,199.63999938964844,saffron
044,73.3949966430664,913.5499877929688,333.92999267578125,saffron
044,588.5,910.7000122070312,170.80999755859375,saffron
044,317.0199890136719,937.25,201.2100067138672,saffron
044,942.8499755859375,946.2000122070312,238.22999572753906,saffron
044,378.82000732421875,947.75,66.56999969482422,saffron
044,777.5,704.9500122070312,300.0,saffron
044,1063.0,938.3499755859375,115.0,saffron
044,767.3499755859375,962.1500244140625,20.0,saffron
049,448.82000732421875,68.55999755859375,168.8800048828125,saffron
049,588.9000244140625,352.70001220703125,13.899999618530273,saffron
049,473.5,642.75,327.8699951171875,saffron
058,900.1500244140625,11.369999885559082,351.6700134277344,saffron
058,70.44999694824219,26.31999969482422,339.70001220703125,saffron
058,119.72000122070312,36.22100067138672,62.20000076293945,saffron
058,720.9500122070312,40.57500076293945,186.25,saffron
058,955.9500122070312,41.946998596191406,224.35000610351562,saffron
058,92.70500183105469,138.72000122070312,105.27999877929688,saffron
058,790.5499877929688,208.22999572753906,356.8800048828125,saffron
058,197.85000610351562,253.08999633789062,207.72999572753906,saffron
058,1253.199951171875,286.5199890136719,95.72000122070312,saffron
058,1081.300048828125,293.3999938964844,308.9100036621094,saffron
058,926.2000122070312,353.6199951171875,284.2200012207031,saffron
058,861.9500122070312,381.8699951171875,353.1300048828125,saffron
058,1015.2999877929688,384.0299987792969,349.6499938964844,saffron
058,745.75,399.1099853515625,176.39999389648438,saffron
058,566.7000122070312,434.17999267578125,100.05999755859375,saffron
058,611.0499877929688,462.4200134277344,312.0199890136719,saffron
058,1015.4000244140625,472.20001220703125,16.68000030517578,saffron
058,133.4499969482422,486.3299865722656,50.630001068115234,saffron
058,427.1300048828125,541.0,162.33999633789062,saffron
058,547.0999755859375,594.6500244140625,204.6699981689453,saffron
058,181.0500030517578,596.7999877929688,34.97999954223633,saffron
058,625.7000122070312,653.25,135.8699951171875,saffron
058,669.4000244140625,649.8499755859375,170.17999267578125,saffron
058,285.010009765625,692.9500122070312,146.94000244140625,saffron
058,851.4500122070312,689.3499755859375,176.57000732421875,saffron
058,71.57499694824219,723.0999755859375,209.17999267578125,saffron
058,72.25499725341797,744.0999755859375,297.94000244140625,saffron
058,1138.300048828125,774.3499755859375,33.31999969482422,saffron
058,144.4600067138672,800.5,345.67999267578125,saffron
058,805.9500122070312,798.75,314.2799987792969,saffron
058,1069.199951171875,816.7999877929688,343.739990234375,saffron
058,703.7999877929688,840.7000122070312,17.200000762939453,saffron
058,561.75,882.75,358.8399963378906,saffron
058,1216.5,893.6500244140625,258.0799865722656,saffron
058,731.0499877929688,918.8499755859375,353.5299987792969,saffron
058,1189.0999755859375,954.2999877929688,177.1199951171875,saffron
058,208.72000122070312,963.0,250.3000030517578,saffron
058,302.4200134277344,967.4000244140625,194.66000366210938,saffron
058,638.5999755859375,671.3499755859375,336.0,saffron
058,886.0,806.7999877929688,40.0,saffron
058,798.6500244140625,255.58999633789062,1.0,saffron
058,709.5499877929688,307.6499938964844,284.0,saffron
066,957.1500244140625,23.371999740600586,11.050000190734863,saffron
066,805.2999877929688,24.28499984741211,0.3199999928474426,saffron
066,468.4800109863281,72.9000015258789,51.2599983215332,saffron
066,550.5999755859375,118.87999725341797,289.010009765625,saffron
066,465.2900085449219,135.39999389648438,303.6700134277344,saffron
066,504.25,136.11000061035156,193.85000610351562,saffron
066,751.7999877929688,218.0,246.35000610351562,saffron
066,834.4000244140625,220.8699951171875,78.58000183105469,saffron
066,1008.5999755859375,235.05999755859375,357.1099853515625,saffron
066,1109.5,227.17999267578125,17.59000015258789,saffron
066,190.3800048828125,280.3399963378906,3.450000047683716,saffron
066,731.2000122070312,300.3500061035156,347.989990234375,saffron
066,1007.5,307.4800109863281,54.16999816894531,saffron
066,76.6050033569336,351.45001220703125,2.630000114440918,saffron
066,518.8499755859375,406.6400146484375,351.2799987792969,saffron
066,570.5999755859375,442.8599853515625,59.5099983215332,saffron
066,804.1500244140625,482.7300109863281,129.35000610351562,saffron
066,72.8550033569336,488.6099853515625,23.079999923706055,saffron
066,966.6500244140625,503.45001220703125,353.94000244140625,saffron
066,1132.699951171875,595.9000244140625,39.869998931884766,saffron
066,81.08499908447266,612.1500244140625,342.4599914550781,saffron
066,638.3499755859375,720.5499877929688,189.10000610351562,saffron
066,84.91500091552734,785.4000244140625,200.97000122070312,saffron
066,1128.800048828125,785.2000122070312,13.569999694824219,saffron
066,181.97999572753906,803.9500122070312,21.1299991607666,saffron
066,1077.0,808.4500122070312,187.8800048828125,saffron
066,1192.800048828125,814.9000244140625,162.16000366210938,saffron
066,810.25,830.5499877929688,146.16000366210938,saffron
066,418.0199890136719,850.75,210.25999450683594,saffron
066,801.5,878.2999877929688,349.8699951171875,saffron
066,747.8499755859375,895.4500122070312,355.739990234375,saffron
066,236.27999877929688,921.4000244140625,354.92999267578125,saffron
066,1082.800048828125,939.5999755859375,16.06999969482422,saffron
066,1028.300048828125,955.0999755859375,346.2699890136719,saffron
066,360.29998779296875,680.2000122070312,175.0,saffron
066,950.9000244140625,126.2699966430664,342.0,saffron
084,810.7999877929688,152.25999450683594,118.75,saffron
084,648.5999755859375,192.74000549316406,244.6199951171875,saffron
084,895.4500122070312,257.8599853515625,177.19000244140625,saffron
084,810.8499755859375,512.7999877929688,354.92999267578125,saffron
084,631.3499755859375,657.2999877929688,18.440000534057617,saffron
084,949.5999755859375,668.5,178.61000061035156,saffron
084,804.6500244140625,716.1500244140625,262.4800109863281,saffron
084,680.1500244140625,845.7000122070312,214.8300018310547,saffron
084,623.7000122070312,952.4000244140625,110.41999816894531,saffron
084,965.0999755859375,116.27999877929688,140.0,saffron
085,1003.5,9.913999557495117,246.22999572753906,saffron
085,95.86499786376953,65.30500030517578,332.45001220703125,saffron
085,409.1300048828125,62.459999084472656,37.08000183105469,saffron
085,1017.0999755859375,128.16000366210938,349.7799987792969,saffron
085,347.6400146484375,153.4499969482422,178.16000366210938,saffron
085,865.0,187.0399932861328,161.2100067138672,saffron
085,1016.4000244140625,197.16000366210938,358.17999267578125,saffron
085,1220.300048828125,219.64999389648438,245.82000732421875,saffron
085,1148.800048828125,300.739990234375,87.94999694824219,saffron
085,836.75,324.1000061035156,327.4200134277344,saffron
085,450.0400085449219,326.7099914550781,185.14999389648438,saffron
085,1016.2999877929688,335.1700134277344,11.84000015258789,saffron
085,1090.199951171875,369.92999267578125,339.010009765625,saffron
085,515.5499877929688,419.5899963378906,188.3000030517578,saffron
085,1170.300048828125,419.0899963378906,92.87000274658203,saffron
085,959.75,425.510009765625,57.70000076293945,saffron
085,813.1500244140625,442.05999755859375,234.11000061035156,saffron
085,1016.5999755859375,445.79998779296875,24.68000030517578,saffron
085,69.75499725341797,494.45001220703125,31.15999984741211,saffron
085,903.2000122070312,488.3900146484375,18.670000076293945,saffron
085,1171.5,511.25,213.9199981689453,saffron
085,402.94000244140625,549.0499877929688,125.41999816894531,saffron
085,147.67999267578125,556.25,336.3299865722656,saffron
085,960.6500244140625,560.5,336.6600036621094,saffron
085,596.4000244140625,582.6500244140625,313.510009765625,saffron
085,907.4500122070312,592.1500244140625,352.0,saffron
085,952.7000122070312,634.75,185.17999267578125,saffron
085,1074.4000244140625,634.6500244140625,7.730000019073486,saffron
085,194.33999633789062,706.25,55.970001220703125,saffron
085,674.3499755859375,699.0499877929688,18.6200008392334,saffron
085,997.7999877929688,713.8499755859375,216.00999450683594,saffron
085,246.4499969482422,750.9000244140625,343.739990234375,saffron
085,888.0999755859375,760.9500122070312,131.02999877929688,saffron
085,590.4500122070312,778.4500122070312,177.13999938964844,saffron
085,174.75,810.7000122070312,133.1999969482422,saffron
085,896.0499877929688,816.5499877929688,211.19000244140625,saffron
085,1036.5999755859375,842.4500122070312,65.18000030517578,saffron
085,1189.199951171875,854.7000122070312,351.6400146484375,saffron
085,493.55999755859375,857.5,64.0199966430664,saffron
085,351.760009765625,872.3499755859375,9.899999618530273,saffron
085,1077.0999755859375,880.9500122070312,320.260009765625,saffron
085,191.69000244140625,922.2999877929688,29.299999237060547,saffron
085,270.7099914550781,944.2999877929688,12.229999542236328,saffron
085,459.7699890136719,961.9000244140625,34.91999816894531,saffron
085,1042.300048828125,966.0,229.27999877929688,saffron
085,1138.300048828125,31.45400047302246,224.0,saffron
085,1046.5,562.9000244140625,28.0,saffron
085,517.6500244140625,773.7999877929688,312.0,saffron
086,179.2100067138672,322.9200134277344,179.44000244140625,saffron
086,246.02999877929688,581.7000122070312,0.0,saffron
086,900.5999755859375,147.0500030517578,196.0,saffron
091,760.3499755859375,12.373000144958496,225.75,saffron
091,452.0,44.262001037597656,70.9800033569336,saffron
091,560.0999755859375,333.4800109863281,185.44000244140625,saffron
100,198.89999389648438,14.444000244140625,118.44000244140625,saffron
100,1107.9000244140625,43.358001708984375,222.6999969482422,saffron
100,117.76000213623047,50.459999084472656,321.9200134277344,saffron
100,453.42999267578125,51.630001068115234,217.4199981689453,saffron
100,620.7999877929688,53.67499923706055,128.00999450683594,saffron
100,1193.699951171875,62.814998626708984,272.95001220703125,saffron
100,313.6700134277344,72.16000366210938,83.62000274658203,saffron
100,748.9000244140625,77.6449966430664,60.209999084472656,saffron
100,1047.699951171875,108.77999877929688,130.1999969482422,saffron
100,1230.300048828125,97.63999938964844,97.30000305175781,saffron
100,362.79998779296875,111.3499984741211,44.189998626708984,saffron
100,932.1500244140625,108.61000061035156,179.30999755859375,saffron
100,863.0999755859375,117.7699966430664,349.8599853515625,saffron
100,399.2300109863281,154.69000244140625,215.3800048828125,saffron
100,979.0499877929688,157.1300048828125,74.63999938964844,saffron
100,614.9500122070312,154.99000549316406,91.43000030517578,saffron
100,1069.4000244140625,161.41000366210938,60.9900016784668,saffron
100,1208.4000244140625,166.3699951171875,129.75,saffron
100,810.9000244140625,192.0399932861328,346.4800109863281,saffron
100,491.79998779296875,203.33999633789062,133.82000732421875,saffron
100,734.5499877929688,201.89999389648438,85.37999725341797,saffron
100,1062.4000244140625,192.85000610351562,17.670000076293945,saffron
100,346.1499938964844,218.5800018310547,168.72000122070312,saffron
100,966.9000244140625,216.89999389648438,312.6099853515625,saffron
100,224.97000122070312,233.61000061035156,191.14999389648438,saffron
100,510.70001220703125,247.89999389648438,267.4100036621094,saffron
100,623.7999877929688,253.91000366210938,328.4599914550781,saffron
100,1081.5,253.67999267578125,253.19000244140625,saffron
100,131.5,282.55999755859375,242.77999877929688,saffron
100,294.57000732421875,281.1400146484375,141.11000061035156,saffron
100,490.7699890136719,285.1000061035156,87.68000030517578,saffron
100,47.869998931884766,302.7200012207031,241.94000244140625,saffron
100,958.0499877929688,295.3999938964844,330.4200134277344,saffron
100,372.1099853515625,299.30999755859375,287.5,saffron
100,693.7000122070312,305.4700012207031,59.380001068115234,saffron
100,796.0499877929688,315.05999755859375,207.72999572753906,saffron
100,565.6500244140625,317.2900085449219,54.150001525878906,saffron
100,169.9600067138672,349.7699890136719,259.30999755859375,saffron
100,348.3599853515625,357.0199890136719,207.52000427246094,saffron
100,605.4000244140625,362.05999755859375,232.89999389648438,saffron
100,805.3499755859375,387.010009765625,131.52999877929688,saffron
100,830.5999755859375,393.3599853515625,198.3699951171875,saffron
100,1123.800048828125,383.5199890136719,345.1199951171875,saffron
100,476.55999755859375,397.6000061035156,343.9200134277344,saffron
100,970.0,417.95001220703125,17.270000457763672,saffron
100,237.9600067138672,420.7300109863281,171.24000549316406,saffron
100,565.5499877929688,429.1300048828125,50.880001068115234,saffron
100,810.4500122070312,428.8399963378906,299.57000732421875,saffron
100,878.5999755859375,427.010009765625,195.10000610351562,saffron
100,763.4000244140625,438.8800048828125,120.01000213623047,saffron
100,326.75,446.1300048828125,13.0600004196167,saffron
100,1238.5,442.3900146484375,178.1300048828125,saffron
100,153.57000732421875,459.2900085449219,99.9000015258789,saffron
100,601.2999877929688,476.05999755859375,308.9100036621094,saffron
100,60.375,488.92999267578125,203.08999633789062,saffron
100,526.4000244140625,494.57000732421875,121.37000274658203,saffron
100,678.7000122070312,498.760009765625,330.9800109863281,saffron
100,736.75,504.3999938964844,16.270000457763672,saffron
100,1199.699951171875,517.5999755859375,196.19000244140625,saffron
100,1087.800048828125,544.0999755859375,67.55000305175781,saffron
100,429.4700012207031,552.4500122070312,297.92999267578125,saffron
100,907.0999755859375,566.3499755859375,279.2099914550781,saffron
100,550.5999755859375,600.4500122070312,320.1700134277344,saffron
100,640.7999877929688,612.7000122070312,169.88999938964844,saffron
100,898.75,612.9500122070312,319.9599914550781,saffron
100,1242.5,615.2000122070312,231.9499969482422,saffron
100,712.75,609.7999877929688,278.7099914550781,saffron
100,198.19000244140625,622.9000244140625,350.6400146484375,saffron
100,1017.5999755859375,631.2999877929688,172.4499969482422,saffron
100,104.91000366210938,641.1500244140625,215.47000122070312,saffron
100,1088.300048828125,648.5,69.0999984741211,saffron
100,909.2000122070312,650.5499877929688,250.47000122070312,saffron
100,442.3900146484375,665.4500122070312,34.83000183105469,saffron
100,1223.800048828125,685.25,338.6000061035156,saffron
100,689.5,697.75,104.0999984741211,saffron
100,1116.699951171875,701.6500244140625,13.359999656677246,saffron
100,224.5,716.75,84.7699966430664,saffron
100,557.1500244140625,739.0999755859375,231.2899932861328,saffron
100,1041.699951171875,739.5999755859375,113.58999633789062,saffron
100,859.0499877929688,741.7999877929688,181.7100067138672,saffron
100,935.9000244140625,745.9500122070312,296.510009765625,saffron
100,80.5250015258789,769.5499877929688,225.02000427246094,saffron
100,296.1099853515625,775.4500122070312,300.25,saffron
100,1013.2999877929688,804.25,353.5400085449219,saffron
100,879.3499755859375,818.2999877929688,117.16999816894531,saffron
100,483.3500061035156,839.2000122070312,210.35000610351562,saffron
100,578.25,832.4500122070312,306.8500061035156,saffron
100,714.3499755859375,829.2000122070312,272.739990234375,saffron
100,1202.5,828.4500122070312,267.4100036621094,saffron
100,1055.9000244140625,880.9500122070312,71.37999725341797,saffron
100,190.00999450683594,884.5499877929688,193.02999877929688,saffron
100,1226.0999755859375,880.5499877929688,276.2699890136719,saffron
100,315.04998779296875,886.5,255.05999755859375,saffron
100,601.2000122070312,892.0,358.9700012207031,saffron
100,1227.5,925.6500244140625,30.719999313354492,saffron
100,65.3550033569336,940.25,225.7100067138672,saffron
100,588.8499755859375,956.0,8.109999656677246,saffron
100,1124.5,968.5,104.22000122070312,saffron
100,53.220001220703125,100.16000366210938,290.0,saffron
100,160.22000122070312,124.79000091552734,11.0,saffron
100,102.19000244140625,185.77999877929688,7.0,saffron
100,227.83999633789062,354.0899963378906,331.0,saffron
100,289.5899963378906,331.80999755859375,39.0,saffron
100,268.29998779296875,16.881000518798828,338.0,saffron
100,429.6000061035156,181.67999267578125,188.0,saffron
100,534.5,59.689998626708984,328.0,saffron
100,517.4500122070312,74.94000244140625,291.0,saffron
100,557.9000244140625,168.19000244140625,99.0,saffron
100,603.7000122070312,225.07000732421875,200.0,saffron
100,641.5,310.69000244140625,155.0,saffron
100,673.9500122070312,388.69000244140625,141.0,saffron
100,719.2000122070312,364.6400146484375,118.0,saffron
100,421.6199951171875,320.6700134277344,356.0,saffron
100,375.29998779296875,289.0,173.0,saffron
100,461.5400085449219,284.8900146484375,200.0,saffron
100,229.42999267578125,499.30999755859375,233.0,saffron
100,305.0199890136719,579.2999877929688,270.0,saffron
100,392.3299865722656,529.2999877929688,86.0,saffron
100,300.239990234375,477.30999755859375,185.0,saffron
100,253.9199981689453,688.5999755859375,12.0,saffron
100,336.44000244140625,653.2999877929688,348.0,saffron
100,225.7100067138672,819.9500122070312,299.0,saffron
100,205.47000122070312,813.2999877929688,99.0,saffron
100,411.5,785.2999877929688,272.0,saffron
100,449.8299865722656,711.9500122070312,312.0,saffron
100,514.25,705.9500122070312,334.0,saffron
100,423.2099914550781,833.25,219.0,saffron
100,270.95001220703125,933.9500122070312,303.0,saffron
100,447.1700134277344,936.5999755859375,58.0,saffron
100,367.8500061035156,959.9500122070312,247.0,saffron
100,642.5499877929688,531.9500122070312,299.0,saffron
100,767.1500244140625,599.25,102.0,saffron
100,929.0,531.7999877929688,67.0,saffron
100,831.0499877929688,650.1500244140625,349.0,saffron
100,791.9500122070312,663.6500244140625,272.0,saffron
100,741.4000244140625,758.7000122070312,262.0,saffron
100,815.4000244140625,837.7999877929688,201.0,saffron
100,887.6500244140625,891.1500244140625,290.0,saffron
100,823.7000122070312,944.5,72.0,saffron
100,812.6500244140625,965.9500122070312,160.0,saffron
100,743.1500244140625,967.9500122070312,269.0,saffron
100,990.5,944.75,216.0,saffron
100,1092.300048828125,779.8499755859375,57.0,saffron
100,1145.800048828125,910.6500244140625,125.0,saffron
100,1140.199951171875,885.5,273.0,saffron
100,1132.199951171875,857.7999877929688,292.0,saffron
100,1158.5,802.4000244140625,143.0,saffron
100,1164.5999755859375,777.9000244140625,177.0,saffron
100,1163.199951171875,576.9000244140625,177.0,saffron
100,1175.4000244140625,615.5499877929688,88.0,saffron
100,1185.699951171875,631.6500244140625,6.0,saffron
100,1182.5,514.4000244140625,139.0,saffron
100,1034.199951171875,479.6000061035156,254.0,saffron
100,1023.4000244140625,464.1300048828125,218.0,saffron
100,967.0,868.75,124.0,saffron
100,1094.699951171875,279.2900085449219,124.0,saffron
100,1053.5,314.6700134277344,208.0,saffron
100,1194.800048828125,267.2799987792969,6.0,saffron
100,1222.199951171875,322.25,48.0,saffron
100,1079.0,392.3900146484375,86.0,saffron
100,886.3499755859375,383.54998779296875,240.0,saffron
100,1099.199951171875,135.85000610351562,261.0,saffron
100,1042.800048828125,135.22000122070312,113.0,saffron
100,919.2000122070312,339.94000244140625,241.0,saffron
100,937.3499755859375,309.6199951171875,322.0,saffron
100,71.5,208.41000366210938,34.0,saffron
100,85.80500030517578,340.6300048828125,307.0,saffron
100,159.00999450683594,571.2000122070312,269.0,saffron
113,610.2999877929688,19.04800033569336,122.3499984741211,saffron
113,265.010009765625,27.707000732421875,71.12999725341797,saffron
113,912.5499877929688,8.83650016784668,69.3499984741211,saffron
113,1082.5,27.378999710083008,354.489990234375,saffron
113,650.9000244140625,49.22100067138672,248.6300048828125,saffron
113,798.2999877929688,47.02199935913086,67.4800033569336,saffron
113,1005.0999755859375,58.91999816894531,176.63999938964844,saffron
113,322.2699890136719,61.93000030517578,257.8599853515625,saffron
113,665.7999877929688,80.55500030517578,80.2300033569336,saffron
113,603.4000244140625,96.2699966430664,158.1699981689453,saffron
113,772.0499877929688,114.5,92.20999908447266,saffron
113,947.9000244140625,107.22000122070312,154.85000610351562,saffron
113,494.989990234375,129.07000732421875,7.059999942779541,saffron
113,297.3900146484375,144.60000610351562,237.75,saffron
113,516.0499877929688,128.10000610351562,280.4200134277344,saffron
113,891.0499877929688,141.07000732421875,14.75,saffron
113,559.4500122070312,158.97999572753906,331.489990234375,saffron
113,693.75,174.47000122070312,117.38999938964844,saffron
113,1022.7000122070312,175.35000610351562,160.0,saffron
113,60.625,191.6699981689453,238.47000122070312,saffron
113,1114.0999755859375,188.58999633789062,190.8300018310547,saffron
113,783.5499877929688,189.27999877929688,290.8699951171875,saffron
113,285.05999755859375,215.11000061035156,265.1400146484375,saffron
113,663.25,215.5500030517578,50.33000183105469,saffron
113,1098.9000244140625,237.88999938964844,78.73999786376953,saffron
113,711.1500244140625,241.05999755859375,21.280000686645508,saffron
113,357.3699951171875,257.6199951171875,53.970001220703125,saffron
113,1001.5999755859375,253.92999267578125,344.260009765625,saffron
113,960.8499755859375,269.55999755859375,131.13999938964844,saffron
113,729.5499877929688,269.5400085449219,221.72999572753906,saffron
113,865.9500122070312,296.30999755859375,229.11000061035156,saffron
113,1169.199951171875,299.42999267578125,341.0,saffron
113,179.83999633789062,311.8500061035156,332.8599853515625,saffron
113,1048.300048828125,316.5,310.1099853515625,saffron
113,776.0499877929688,318.07000732421875,179.35000610351562,saffron
113,340.8800048828125,322.57000732421875,37.34000015258789,saffron
113,551.8499755859375,324.5199890136719,50.25,saffron
113,886.6500244140625,365.260009765625,179.83999633789062,saffron
113,1110.800048828125,364.1199951171875,71.47000122070312,saffron
113,987.4500122070312,382.510009765625,178.24000549316406,saffron
113,507.3999938964844,407.4200134277344,251.61000061035156,saffron
113,342.17999267578125,431.9200134277344,102.04000091552734,saffron
113,661.6500244140625,427.3900146484375,6.199999809265137,saffron
113,439.4800109863281,465.260009765625,249.36000061035156,saffron
113,224.91000366210938,462.54998779296875,122.30999755859375,saffron
113,860.0,476.0,133.85000610351562,saffron
113,173.9600067138672,485.8599853515625,175.50999450683594,saffron
113,396.1000061035156,514.7999877929688,251.38999938964844,saffron
113,561.7999877929688,514.5,313.25,saffron
113,1017.5,505.29998779296875,122.41000366210938,saffron
113,772.2000122070312,521.5,304.8599853515625,saffron
113,1063.800048828125,541.75,182.42999267578125,saffron
113,157.55999755859375,552.1500244140625,85.48999786376953,saffron
113,985.5999755859375,553.9000244140625,181.00999450683594,saffron
113,632.0999755859375,558.2000122070312,66.58000183105469,saffron
113,417.1499938964844,624.4000244140625,263.1000061035156,saffron
113,894.7000122070312,622.9000244140625,335.0199890136719,saffron
113,209.10000610351562,631.7999877929688,247.6999969482422,saffron
113,1202.5999755859375,637.7000122070312,85.2699966430664,saffron
113,672.4000244140625,660.3499755859375,230.67999267578125,saffron
113,368.4200134277344,659.75,124.95999908447266,saffron
113,775.7999877929688,663.6500244140625,238.22000122070312,saffron
113,925.0,686.2999877929688,96.12999725341797,saffron
113,453.04998779296875,700.7999877929688,25.459999084472656,saffron
113,836.7000122070312,707.2000122070312,148.9600067138672,saffron
113,643.1500244140625,724.5499877929688,164.36000061035156,saffron
113,279.1099853515625,730.9000244140625,157.94000244140625,saffron
113,460.94000244140625,759.8499755859375,60.5099983215332,saffron
113,874.9500122070312,763.2000122070312,344.92999267578125,saffron
113,193.41000366210938,773.3499755859375,147.47000122070312,saffron
113,764.5999755859375,785.8499755859375,216.32000732421875,saffron
113,993.5499877929688,788.5499877929688,74.16999816894531,saffron
113,535.7999877929688,795.5999755859375,97.44000244140625,saffron
113,889.0499877929688,788.5,160.4600067138672,saffron
113,777.5999755859375,798.5499877929688,3.3399999141693115,saffron
113,1053.5,786.4000244140625,275.32000732421875,saffron
113,1121.0,787.25,269.80999755859375,saffron
113,359.0899963378906,808.3499755859375,13.09000015258789,saffron
113,605.0,809.9500122070312,190.58999633789062,saffron
113,1180.800048828125,820.8499755859375,17.68000030517578,saffron
113,824.1500244140625,830.0999755859375,4.949999809265137,saffron
113,308.42999267578125,838.6500244140625,324.3299865722656,saffron
113,503.70001220703125,845.4500122070312,69.9000015258789,saffron
113,102.83000183105469,846.4000244140625,338.6099853515625,saffron
113,1061.5999755859375,833.7999877929688,280.3699951171875,saffron
113,194.58999633789062,863.0,159.6999969482422,saffron
113,488.4599914550781,885.3499755859375,354.1000061035156,saffron
113,693.0499877929688,878.1500244140625,247.24000549316406,saffron
113,1041.199951171875,875.2999877929688,82.05000305175781,saffron
113,703.0,889.5999755859375,200.00999450683594,saffron
113,881.4500122070312,899.0,37.959999084472656,saffron
113,1124.199951171875,916.25,191.97000122070312,saffron
113,655.75,919.6500244140625,344.1099853515625,saffron
113,775.25,930.0499877929688,298.3800048828125,saffron
113,452.489990234375,937.2999877929688,107.1500015258789,saffron
113,360.0,946.6500244140625,270.1700134277344,saffron
113,580.1500244140625,953.25,336.6600036621094,saffron
113,740.25,960.0,12.6899995803833,saffron
113,816.5,958.4000244140625,47.7400016784668,saffron
113,606.25,63.880001068115234,346.0,saffron
113,561.9500122070312,143.99000549316406,237.0,saffron
113,823.75,21.719999313354492,117.0,saffron
113,808.4500122070312,115.87999725341797,225.0,saffron
113,933.4000244140625,193.8800048828125,8.0,saffron
113,691.4500122070312,205.1199951171875,343.0,saffron
113,592.5999755859375,347.760009765625,90.0,saffron
113,635.7999877929688,581.75,274.0,saffron
113,565.3499755859375,566.2999877929688,347.0,saffron
113,547.2000122070312,555.75,71.0,saffron
113,1154.800048828125,539.5999755859375,110.0,saffron
113,1168.5,129.92999267578125,11.0,saffron
113,1053.800048828125,167.8800048828125,173.0,saffron
113,251.35000610351562,572.2999877929688,317.0,saffron
113,1029.800048828125,633.7999877929688,0.0,saffron
113,1007.5,698.7000122070312,240.0,saffron
113,992.0499877929688,685.8499755859375,194.0,saffron
113,576.4500122070312,659.5,28.0,saffron
113,671.4500122070312,779.8499755859375,18.0,saffron
113,685.7999877929688,783.2000122070312,170.0,saffron
113,966.2999877929688,961.7000122070312,12.0,saffron
113,950.8499755859375,730.5,15.0,saffron
113,983.5,763.5999755859375,191.0,saffron
113,619.9500122070312,649.3499755859375,82.0,saffron
113,930.25,893.4500122070312,222.0,saffron
113,893.5999755859375,821.0999755859375,313.0,saffron
113,273.8900146484375,901.4000244140625,312.0,saffron
113,388.6199951171875,782.9000244140625,103.0,saffron
113,130.47999572753906,826.5,232.0,saffron
113,613.2000122070312,612.7000122070312,257.0,saffron
113,607.25,605.2000122070312,61.0,saffron
113,740.4000244140625,572.5,95.0,saffron
113,730.0999755859375,661.7000122070312,163.0,saffron
113,128.30999755859375,609.9500122070312,14.0,saffron
113,146.17999267578125,582.75,352.0,saffron
113,646.2000122070312,576.5999755859375,277.0,saffron
114,131.8800048828125,23.358999252319336,8.149999618530273,saffron
114,211.85000610351562,47.78799819946289,248.64999389648438,saffron
114,420.05999755859375,49.3129997253418,249.2899932861328,saffron
114,893.75,39.402000427246094,326.2699890136719,saffron
114,1029.5999755859375,51.27000045776367,355.5199890136719,saffron
114,1201.5,54.28499984741211,84.16000366210938,saffron
114,671.5,75.28500366210938,229.63999938964844,saffron
114,775.0999755859375,79.19499969482422,234.49000549316406,saffron
114,370.1600036621094,76.12000274658203,128.6699981689453,saffron
114,924.2999877929688,101.87999725341797,94.06999969482422,saffron
114,993.5999755859375,104.87999725341797,199.36000061035156,saffron
114,453.1700134277344,113.44000244140625,27.020000457763672,saffron
114,837.5999755859375,121.22000122070312,156.67999267578125,saffron
114,643.6500244140625,139.47000122070312,167.22000122070312,saffron
114,278.70001220703125,144.69000244140625,167.57000732421875,saffron
114,874.5499877929688,177.52999877929688,337.7900085449219,saffron
114,460.32000732421875,175.27999877929688,60.0,saffron
114,193.52999877929688,190.8699951171875,145.91000366210938,saffron
114,533.9000244140625,209.7899932861328,89.0999984741211,saffron
114,1123.0,204.8699951171875,276.5,saffron
114,1053.800048828125,202.72999572753906,273.9700012207031,saffron
114,777.9500122070312,213.74000549316406,8.970000267028809,saffron
114,994.1500244140625,206.35000610351562,75.56999969482422,saffron
114,360.3299865722656,219.86000061035156,10.010000228881836,saffron
114,605.7000122070312,223.94000244140625,184.05999755859375,saffron
114,1181.199951171875,237.8800048828125,17.969999313354492,saffron
114,307.92999267578125,253.14999389648438,335.8500061035156,saffron
114,823.25,245.42999267578125,357.0400085449219,saffron
114,501.8500061035156,260.6600036621094,59.439998626708984,saffron
114,1065.300048828125,251.07000732421875,292.1700134277344,saffron
114,103.44000244140625,264.67999267578125,332.69000244140625,saffron
114,194.30999755859375,279.94000244140625,165.63999938964844,saffron
114,691.3499755859375,288.80999755859375,254.2899932861328,saffron
114,490.0,299.55999755859375,359.1400146484375,saffron
114,881.0499877929688,313.6099853515625,28.739999771118164,saffron
114,1125.300048828125,331.80999755859375,189.88999938964844,saffron
114,655.4500122070312,334.8299865722656,340.7900085449219,saffron
114,454.4800109863281,352.510009765625,86.7300033569336,saffron
114,774.3499755859375,348.44000244140625,298.94000244140625,saffron
114,359.3999938964844,361.0299987792969,276.3500061035156,saffron
114,579.0,369.1000061035156,339.4100036621094,saffron
114,740.7000122070312,374.1099853515625,9.3100004196167,saffron
114,816.2000122070312,375.0799865722656,58.900001525878906,saffron
114,967.3499755859375,372.760009765625,6.420000076293945,saffron
114,223.8800048828125,401.25,130.9499969482422,saffron
114,617.3499755859375,411.8699951171875,358.739990234375,saffron
114,541.7999877929688,414.7300109863281,182.50999450683594,saffron
114,404.82000732421875,443.25,287.3699951171875,saffron
114,932.2000122070312,448.3500061035156,304.6499938964844,saffron
114,967.9500122070312,460.5299987792969,273.44000244140625,saffron
114,1069.0,444.989990234375,276.0,saffron
114,742.5999755859375,462.57000732421875,339.7699890136719,saffron
114,1203.800048828125,464.7300109863281,180.5,saffron
114,153.58999633789062,470.79998779296875,161.89999389648438,saffron
114,895.2999877929688,485.489990234375,114.80999755859375,saffron
114,522.5,495.6000061035156,336.7200012207031,saffron
114,846.7000122070312,515.5,129.2100067138672,saffron
114,1129.5999755859375,515.25,130.42999267578125,saffron
114,249.61000061035156,517.0,334.7300109863281,saffron
114,406.82000732421875,522.2999877929688,296.8299865722656,saffron
114,630.9000244140625,517.1500244140625,77.94000244140625,saffron
114,1076.800048828125,524.2000122070312,167.52000427246094,saffron
114,331.32000732421875,530.75,129.22000122070312,saffron
114,504.3500061035156,542.4000244140625,329.6199951171875,saffron
114,609.5,560.2000122070312,19.809999465942383,saffron
114,786.7999877929688,576.9500122070312,247.61000061035156,saffron
114,963.4500122070312,586.9500122070312,180.66000366210938,saffron
114,543.6500244140625,598.5,80.37000274658203,saffron
114,428.8999938964844,597.7000122070312,272.6099853515625,saffron
114,631.5999755859375,595.75,69.62000274658203,saffron
114,1060.0,624.5499877929688,245.14999389648438,saffron
114,664.9000244140625,634.7999877929688,4.960000038146973,saffron
114,872.4500122070312,647.5499877929688,109.41999816894531,saffron
114,547.3499755859375,664.4500122070312,85.80999755859375,saffron
114,1130.0,669.5,357.739990234375,saffron
114,1184.699951171875,678.1500244140625,34.810001373291016,saffron
114,597.7999877929688,682.9500122070312,22.350000381469727,saffron
114,942.4000244140625,700.3499755859375,85.26000213623047,saffron
114,476.6000061035156,699.5499877929688,254.44000244140625,saffron
114,835.75,709.25,132.25999450683594,saffron
114,169.91000366210938,727.1500244140625,279.79998779296875,saffron
114,298.3299865722656,750.8499755859375,63.84000015258789,saffron
114,428.8399963378906,736.9500122070312,110.33000183105469,saffron
114,675.9000244140625,745.9000244140625,174.9600067138672,saffron
114,165.69000244140625,765.75,114.38999938964844,saffron
114,360.2900085449219,759.0,350.9100036621094,saffron
114,522.0,779.4500122070312,298.04998779296875,saffron
114,1036.0,775.25,35.119998931884766,saffron
114,730.25,787.4000244140625,211.6199951171875,saffron
114,899.2000122070312,796.0999755859375,315.0199890136719,saffron
114,431.5,800.0,250.77000427246094,saffron
114,197.27999877929688,810.2000122070312,32.33000183105469,saffron
114,627.8499755859375,813.1500244140625,326.8900146484375,saffron
114,936.9000244140625,814.3499755859375,154.5800018310547,saffron
114,261.07000732421875,854.8499755859375,106.05999755859375,saffron
114,613.25,26.93899917602539,259.0,saffron
114,628.1500244140625,7.822500228881836,276.0,saffron
114,579.2000122070312,75.79000091552734,36.0,saffron
114,729.8499755859375,78.625,176.0,saffron
114,687.25,198.99000549316406,176.0,saffron
114,671.7999877929688,191.91000366210938,9.0,saffron
114,385.94000244140625,196.8699951171875,97.0,saffron
114,273.6199951171875,322.8900146484375,296.0,saffron
114,390.739990234375,278.2900085449219,309.0,saffron
114,304.5,453.8800048828125,222.0,saffron
114,491.8800048828125,435.4599914550781,186.0,saffron
114,517.9500122070312,441.8299865722656,310.0,saffron
114,681.4000244140625,458.8299865722656,209.0,saffron
114,480.17999267578125,420.6000061035156,184.0,saffron
114,680.3499755859375,516.9000244140625,30.0,saffron
114,361.4599914550781,560.7999877929688,351.0,saffron
114,723.4500122070312,582.75,9.0,saffron
114,666.5,512.6500244140625,18.0,saffron
114,672.9000244140625,404.30999755859375,24.0,saffron
114,708.5499877929688,303.7699890136719,207.0,saffron
114,74.13500213623047,667.0,200.0,saffron
114,149.92999267578125,828.9000244140625,349.0,saffron
114,219.64999389648438,683.1500244140625,190.0,saffron
114,296.9599914550781,633.9000244140625,326.0,saffron
114,339.8999938964844,624.5,179.0,saffron
114,354.05999755859375,779.6500244140625,92.0,saffron
114,359.1099853515625,854.5499877929688,313.0,saffron
114,590.0,865.2999877929688,61.0,saffron
114,569.7999877929688,541.5,170.0,saffron
114,305.04998779296875,598.8499755859375,345.0,saffron
114,717.3499755859375,667.0,141.0,saffron
114,690.5499877929688,683.8499755859375,278.0,saffron
114,641.0499877929688,498.32000732421875,179.0,saffron
114,402.05999755859375,633.25,68.0,saffron
114,386.8900146484375,630.5499877929688,247.0,saffron
114,449.04998779296875,665.6500244140625,180.0,saffron
114,762.2999877929688,487.80999755859375,196.0,saffron
114,855.75,597.3499755859375,74.0,saffron
114,831.2999877929688,546.25,306.0,saffron
114,831.2999877929688,750.7000122070312,133.0,saffron
114,1086.0,713.5499877929688,69.0,saffron
114,1108.9000244140625,725.5,312.0,saffron
114,1028.199951171875,438.010009765625,200.0,saffron
114,1086.5999755859375,584.0999755859375,337.0,saffron
114,870.0499877929688,666.4000244140625,71.0,saffron
114,739.5,720.2000122070312,48.0,saffron
114,1025.5,580.0999755859375,322.0,saffron
114,926.8499755859375,773.9500122070312,43.0,saffron
114,1037.300048828125,756.7000122070312,206.0,saffron
114,1024.0,643.8499755859375,87.0,saffron
114,870.5999755859375,414.7699890136719,59.0,saffron
114,826.5499877929688,497.760009765625,120.0,saffron
114,763.75,202.25,214.0,saffron
114,891.3499755859375,198.0500030517578,157.0,saffron
114,936.25,142.75,59.0,saffron
114,932.25,304.45001220703125,231.0,saffron
114,1044.800048828125,293.25,87.0,saffron
114,1157.199951171875,346.45001220703125,257.0,saffron
114,1007.4000244140625,117.55000305175781,233.0,saffron
114,984.7000122070312,179.85000610351562,188.0,saffron
114,950.0499877929688,139.9499969482422,1.0,saffron
114,1115.4000244140625,390.54998779296875,332.0,saffron
114,1084.800048828125,354.1499938964844,275.0,saffron
114,620.5499877929688,65.06999969482422,83.0,saffron
114,455.8599853515625,120.91999816894531,142.0,saffron
123,530.2999877929688,16.275999069213867,98.56999969482422,saffron
123,341.19000244140625,18.538000106811523,107.20999908447266,saffron
123,833.0499877929688,31.618999481201172,338.19000244140625,saffron
123,651.2999877929688,38.62900161743164,357.19000244140625,saffron
123,358.4800109863281,54.599998474121094,244.4600067138672,saffron
123,560.1500244140625,55.47999954223633,94.58999633789062,saffron
123,774.0499877929688,57.935001373291016,339.4200134277344,saffron
123,990.7000122070312,54.4900016784668,58.459999084472656,saffron
123,117.95999908447266,76.69000244140625,85.2300033569336,saffron
123,331.9200134277344,78.75499725341797,130.0500030517578,saffron
123,460.8500061035156,65.30000305175781,129.7899932861328,saffron
123,1148.4000244140625,73.55500030517578,203.0399932861328,saffron
123,194.3800048828125,103.19000244140625,111.12000274658203,saffron
123,223.5800018310547,110.7699966430664,30.809999465942383,saffron
123,254.52000427246094,117.01000213623047,245.3699951171875,saffron
123,418.0,106.69000244140625,133.57000732421875,saffron
123,942.5499877929688,108.41000366210938,340.7300109863281,saffron
123,689.2000122070312,125.91999816894531,269.9800109863281,saffron
123,1009.7999877929688,120.72000122070312,323.55999755859375,saffron
123,773.4000244140625,138.32000732421875,253.82000732421875,saffron
123,1044.699951171875,127.80000305175781,337.2699890136719,saffron
123,894.9000244140625,143.8800048828125,207.99000549316406,saffron
123,1185.5,141.32000732421875,171.00999450683594,saffron
123,660.25,153.72000122070312,93.38999938964844,saffron
123,333.75,153.16000366210938,120.0999984741211,saffron
123,402.4100036621094,159.41000366210938,127.05999755859375,saffron
123,1106.5,152.0500030517578,177.99000549316406,saffron
123,554.75,162.57000732421875,190.92999267578125,saffron
123,808.25,163.66000366210938,197.0,saffron
123,687.3499755859375,192.5,13.779999732971191,saffron
123,108.55000305175781,200.8000030517578,95.45999908447266,saffron
123,196.8800048828125,210.25999450683594,233.66000366210938,saffron
123,914.6500244140625,208.02999877929688,134.5399932861328,saffron
123,507.1499938964844,214.7100067138672,152.74000549316406,saffron
123,407.44000244140625,231.1199951171875,83.75,saffron
123,483.17999267578125,222.19000244140625,236.39999389648438,saffron
123,729.2999877929688,216.83999633789062,62.65999984741211,saffron
123,1058.0,227.05999755859375,307.2799987792969,saffron
123,281.989990234375,243.89999389648438,99.7300033569336,saffron
123,1208.4000244140625,243.5800018310547,310.9800109863281,saffron
123,906.7000122070312,237.5,297.7799987792969,saffron
123,1105.4000244140625,239.5,122.18000030517578,saffron
123,330.80999755859375,272.3699951171875,252.8300018310547,saffron
123,606.25,278.2900085449219,131.19000244140625,saffron
123,697.7999877929688,305.0299987792969,265.6700134277344,saffron
123,579.5999755859375,310.32000732421875,135.2100067138672,saffron
123,1024.5,303.82000732421875,20.790000915527344,saffron
123,103.4800033569336,321.2900085449219,247.07000732421875,saffron
123,379.3599853515625,322.7699890136719,239.92999267578125,saffron
123,518.0999755859375,319.1099853515625,217.24000549316406,saffron
123,882.75,307.4100036621094,37.099998474121094,saffron
123,942.4500122070312,309.7799987792969,296.5899963378906,saffron
123,1111.0999755859375,305.5199890136719,265.20001220703125,saffron
123,66.68499755859375,326.94000244140625,178.0800018310547,saffron
123,174.25,322.95001220703125,188.2899932861328,saffron
123,249.1199951171875,346.3999938964844,78.27999877929688,saffron
123,802.7999877929688,344.5199890136719,130.30999755859375,saffron
123,583.5,352.7300109863281,286.010009765625,saffron
123,182.61000061035156,368.80999755859375,211.41000366210938,saffron
123,360.95001220703125,358.6000061035156,283.2300109863281,saffron
123,510.5,375.7900085449219,108.3499984741211,saffron
123,1118.5999755859375,372.010009765625,345.29998779296875,saffron
123,923.5499877929688,377.19000244140625,130.10000610351562,saffron
123,1187.699951171875,394.7900085449219,180.9600067138672,saffron
123,283.260009765625,396.4800109863281,325.4100036621094,saffron
123,844.4000244140625,405.75,265.8599853515625,saffron
123,901.5999755859375,406.0,136.82000732421875,saffron
123,1000.0999755859375,400.6300048828125,359.54998779296875,saffron
123,325.4800109863281,414.92999267578125,127.72000122070312,saffron
123,542.7999877929688,406.3900146484375,72.61000061035156,saffron
123,749.5999755859375,410.5199890136719,303.1300048828125,saffron
123,1083.5,409.05999755859375,148.41000366210938,saffron
123,1220.0,404.0400085449219,178.55999755859375,saffron
123,1041.800048828125,418.0799865722656,344.2699890136719,saffron
123,873.1500244140625,439.45001220703125,308.42999267578125,saffron
123,66.81999969482422,444.45001220703125,229.19000244140625,saffron
123,428.0199890136719,439.80999755859375,164.99000549316406,saffron
123,474.6099853515625,437.2699890136719,350.5199890136719,saffron
123,388.6400146484375,451.239990234375,23.610000610351562,saffron
123,696.75,436.3500061035156,322.0899963378906,saffron
123,640.4000244140625,469.6099853515625,100.48999786376953,saffron
123,739.3499755859375,455.1499938964844,107.69999694824219,saffron
123,803.5499877929688,458.44000244140625,234.50999450683594,saffron
123,1167.699951171875,477.29998779296875,56.31999969482422,saffron
123,239.05999755859375,479.8900146484375,49.939998626708984,saffron
123,319.95001220703125,485.1000061035156,67.55000305175781,saffron
123,776.75,471.3800048828125,42.13999938964844,saffron
123,976.5499877929688,487.45001220703125,281.010009765625,saffron
123,534.0,478.92999267578125,114.38999938964844,saffron
123,1082.800048828125,478.2300109863281,238.13999938964844,saffron
123,486.44000244140625,499.75,310.6199951171875,saffron
123,611.7999877929688,497.3900146484375,131.72000122070312,saffron
123,814.75,486.3999938964844,45.38999938964844,saffron
123,180.64999389648438,501.20001220703125,167.35000610351562,saffron
123,954.7999877929688,515.0999755859375,312.0,saffron
123,402.54998779296875,517.6500244140625,353.6300048828125,saffron
123,888.7999877929688,512.75,140.50999450683594,saffron
123,919.9000244140625,515.0,135.41000366210938,saffron
123,443.70001220703125,522.7999877929688,356.30999755859375,saffron
123,696.25,520.3499755859375,150.42999267578125,saffron
123,1208.5,524.75,358.8800048828125,saffron
123,1031.4000244140625,524.9000244140625,45.59000015258789,saffron
123,612.3499755859375,545.9000244140625,229.35000610351562,saffron
123,216.33999633789062,544.0499877929688,216.11000061035156,saffron
123,1178.0,546.8499755859375,115.31999969482422,saffron
123,58.16999816894531,552.5999755859375,193.5500030517578,saffron
123,360.29998779296875,562.4500122070312,52.970001220703125,saffron
123,294.94000244140625,567.75,230.77000427246094,saffron
123,558.7000122070312,576.6500244140625,149.02000427246094,saffron
123,654.1500244140625,578.0999755859375,217.0800018310547,saffron
123,900.5,582.3499755859375,83.58999633789062,saffron
123,1106.800048828125,577.7000122070312,146.16000366210938,saffron
123,831.2000122070312,586.5499877929688,213.61000061035156,saffron
123,637.1500244140625,601.2000122070312,202.5500030517578,saffron
123,724.5999755859375,590.0,47.84000015258789,saffron
123,1170.199951171875,593.0,277.6499938964844,saffron
123,92.26499938964844,616.25,70.48999786376953,saffron
123,452.6099853515625,612.25,134.72999572753906,saffron
123,520.7999877929688,619.0,169.27000427246094,saffron
123,971.0499877929688,627.25,323.6400146484375,saffron
123,1037.9000244140625,613.0499877929688,143.82000732421875,saffron
123,548.2000122070312,617.9000244140625,246.7899932861328,saffron
123,618.5999755859375,621.1500244140625,54.88999938964844,saffron
123,175.42999267578125,632.0,202.69000244140625,saffron
123,847.2999877929688,640.25,51.880001068115234,saffron
123,1119.699951171875,635.3499755859375,140.86000061035156,saffron
123,1165.0,637.0999755859375,11.369999885559082,saffron
123,322.510009765625,643.2000122070312,146.64999389648438,saffron
123,420.239990234375,643.0999755859375,340.30999755859375,saffron
123,740.5499877929688,638.9000244140625,253.0,saffron
123,274.82000732421875,658.25,323.05999755859375,saffron
123,380.30999755859375,671.3499755859375,180.0500030517578,saffron
123,1219.5,672.25,188.47999572753906,saffron
123,200.30999755859375,684.7999877929688,114.2300033569336,saffron
123,566.5,688.6500244140625,128.4600067138672,saffron
123,669.9000244140625,685.5499877929688,94.26000213623047,saffron
123,846.4000244140625,688.9500122070312,57.7599983215332,saffron
123,887.5999755859375,678.25,164.10000610351562,saffron
123,789.2999877929688,686.9500122070312,0.18000000715255737,saffron
123,1025.0,687.5499877929688,256.0799865722656,saffron
123,252.6999969482422,701.75,290.489990234375,saffron
123,366.6400146484375,718.6500244140625,82.2300033569336,saffron
123,685.4000244140625,718.0999755859375,248.6999969482422,saffron
123,936.7999877929688,715.3499755859375,193.88999938964844,saffron
123,208.00999450683594,721.0499877929688,16.760000228881836,saffron
123,478.1099853515625,721.9000244140625,51.93000030517578,saffron
123,1036.800048828125,719.2999877929688,330.4200134277344,saffron
123,996.7000122070312,733.5499877929688,136.3000030517578,saffron
123,262.6400146484375,744.25,327.0899963378906,saffron
123,129.4499969482422,744.2000122070312,89.56999969482422,saffron
123,316.8800048828125,749.2000122070312,356.1300048828125,saffron
123,1176.4000244140625,755.7000122070312,121.7699966430664,saffron
123,363.3500061035156,765.4500122070312,65.6500015258789,saffron
123,732.2000122070312,758.9000244140625,332.25,saffron
123,912.3499755859375,751.2000122070312,306.7200012207031,saffron
123,540.0499877929688,761.9000244140625,187.6300048828125,saffron
123,957.3499755859375,766.7999877929688,189.44000244140625,saffron
123,826.5499877929688,775.4000244140625,199.6300048828125,saffron
123,492.07000732421875,781.1500244140625,17.8700008392334,saffron
123,1091.5999755859375,778.1500244140625,348.8999938964844,saffron
123,886.0999755859375,794.0,324.8399963378906,saffron
123,1023.0999755859375,806.7000122070312,268.8999938964844,saffron
123,91.74500274658203,809.2000122070312,167.5,saffron
123,254.8800048828125,814.4500122070312,109.68000030517578,saffron
123,740.8499755859375,804.5499877929688,4.099999904632568,saffron
123,390.5299987792969,805.0499877929688,68.62000274658203,saffron
123,431.6199951171875,806.1500244140625,54.06999969482422,saffron
123,621.75,828.7999877929688,155.89999389648438,saffron
123,672.5499877929688,825.9000244140625,10.979999542236328,saffron
123,305.94000244140625,828.0499877929688,276.7799987792969,saffron
123,1221.699951171875,835.2000122070312,181.74000549316406,saffron
123,568.2999877929688,845.9000244140625,15.300000190734863,saffron
123,1161.0999755859375,842.0499877929688,349.44000244140625,saffron
123,482.5199890136719,846.0,287.4700012207031,saffron
123,935.9500122070312,857.4500122070312,285.7200012207031,saffron
123,831.9500122070312,859.4000244140625,180.99000549316406,saffron
123,405.3599853515625,885.2999877929688,127.43000030517578,saffron
123,606.6500244140625,878.7999877929688,39.18000030517578,saffron
123,718.6500244140625,889.75,220.33999633789062,saffron
123,792.4000244140625,874.2000122070312,52.880001068115234,saffron
123,194.89999389648438,889.5499877929688,199.9199981689453,saffron
123,1015.5999755859375,891.5499877929688,10.270000457763672,saffron
123,266.1700134277344,899.7999877929688,330.0799865722656,saffron
123,434.55999755859375,906.8499755859375,68.83000183105469,saffron
123,342.3299865722656,910.4000244140625,129.24000549316406,saffron
123,651.75,905.2999877929688,41.13999938964844,saffron
123,924.0499877929688,898.7999877929688,118.48999786376953,saffron
123,71.55999755859375,918.1500244140625,355.5799865722656,saffron
123,857.0999755859375,904.0,308.4599914550781,saffron
123,804.0,921.25,330.0,saffron
123,1166.699951171875,919.0499877929688,200.3300018310547,saffron
123,153.74000549316406,932.2000122070312,162.8000030517578,saffron
123,478.04998779296875,928.0,20.559999465942383,saffron
123,933.0,953.2999877929688,108.2699966430664,saffron
123,295.19000244140625,954.5999755859375,14.890000343322754,saffron
123,379.82000732421875,965.2999877929688,29.270000457763672,saffron
123,749.4000244140625,949.9500122070312,28.459999084472656,saffron
123,1019.7999877929688,964.5499877929688,121.94999694824219,saffron
123,596.2999877929688,970.6500244140625,247.10000610351562,saffron
123,720.25,96.82499694824219,138.0,saffron
123,695.0,61.8650016784668,179.0,saffron
123,976.1500244140625,168.17999267578125,49.0,saffron
123,977.75,181.02000427246094,139.0,saffron
123,1164.300048828125,76.8499984741211,181.0,saffron
123,1111.199951171875,42.5989990234375,329.0,saffron
123,910.4500122070312,542.0499877929688,97.0,saffron
123,906.7999877929688,392.92999267578125,338.0,saffron
123,961.4500122070312,345.1300048828125,4.0,saffron
123,989.7999877929688,278.7699890136719,126.0,saffron
123,833.2000122070312,253.0800018310547,271.0,saffron
123,814.2999877929688,250.94000244140625,340.0,saffron
123,685.5499877929688,326.57000732421875,20.0,saffron
123,622.5,366.5299987792969,56.0,saffron
123,588.8499755859375,405.05999755859375,324.0,saffron
123,647.7000122070312,417.8999938964844,276.0,saffron
123,678.2000122070312,414.3299865722656,268.0,saffron
123,718.6500244140625,550.5999755859375,221.0,saffron
123,634.0499877929688,559.9000244140625,208.0,saffron
123,628.9500122070312,85.58499908447266,187.0,saffron
123,187.42999267578125,31.972999572753906,135.0,saffron
123,199.3000030517578,31.972999572753906,302.0,saffron
123,193.0800018310547,53.41999816894531,329.0,saffron
123,241.1300048828125,4.808800220489502,171.0,saffron
123,295.3999938964844,223.5500030517578,220.0,saffron
123,200.42999267578125,292.17999267578125,176.0,saffron
123,94.70999908447266,504.5,240.0,saffron
123,111.66999816894531,518.7999877929688,61.0,saffron
123,195.33999633789062,433.7099914550781,273.0,saffron
123,471.2200012207031,528.0499877929688,313.0,saffron
123,552.6500244140625,515.2000122070312,294.0,saffron
123,454.260009765625,268.5799865722656,109.0,saffron
123,703.5499877929688,214.97000122070312,63.0,saffron
123,764.0499877929688,335.05999755859375,201.0,saffron
123,518.1500244140625,371.5199890136719,90.0,saffron
123,437.29998779296875,535.2000122070312,355.0,saffron
123,137.72000122070312,514.5999755859375,206.0,saffron
123,368.6499938964844,790.0999755859375,273.0,saffron
123,348.3900146484375,661.7999877929688,158.0,saffron
123,247.58999633789062,636.9000244140625,60.0,saffron
123,154.25,680.5999755859375,128.0,saffron
123,276.3900146484375,800.2000122070312,348.0,saffron
123,300.92999267578125,853.2999877929688,182.0,saffron
123,191.58999633789062,827.0999755859375,290.0,saffron
123,397.45001220703125,728.2999877929688,163.0,saffron
123,377.19000244140625,636.9000244140625,8.0,saffron
123,492.92999267578125,626.8499755859375,179.0,saffron
123,551.5999755859375,959.4500122070312,62.0,saffron
123,582.5499877929688,889.5499877929688,345.0,saffron
123,635.8499755859375,763.9000244140625,268.0,saffron
123,588.9500122070312,714.8499755859375,314.0,saffron
123,638.5499877929688,666.5,231.0,saffron
123,699.3499755859375,755.2000122070312,343.0,saffron
123,743.5999755859375,736.3499755859375,153.0,saffron
123,747.8499755859375,808.9500122070312,4.0,saffron
123,714.7999877929688,848.5999755859375,107.0,saffron
123,633.75,967.5,265.0,saffron
123,543.0499877929688,937.9500122070312,60.0,saffron
123,611.8499755859375,901.6500244140625,317.0,saffron
123,751.5999755859375,902.3499755859375,76.0,saffron
123,991.0999755859375,752.9000244140625,1.0,saffron
123,845.0,733.4000244140625,358.0,saffron
123,1020.7000122070312,851.9500122070312,159.0,saffron
123,916.7999877929688,654.5999755859375,0.0,saffron
123,914.75,629.5,275.0,saffron
123,1098.5,626.0,330.0,saffron
123,1049.800048828125,653.2000122070312,120.0,saffron
123,1005.5999755859375,609.9500122070312,123.0,saffron
123,1037.800048828125,885.4000244140625,294.0,saffron
123,1067.4000244140625,889.5999755859375,148.0,saffron
123,653.75,611.3499755859375,239.0,saffron
123,664.2000122070312,200.92999267578125,243.0,saffron
134,1184.199951171875,203.66000366210938,198.0,saffron
134,1074.5,359.7699890136719,186.0,saffron
134,1008.0999755859375,358.6300048828125,144.0,saffron
134,889.0499877929688,276.5899963378906,20.0,saffron
134,848.4500122070312,325.5899963378906,319.0,saffron
134,737.0999755859375,424.7300109863281,6.0,saffron
134,855.5999755859375,552.3499755859375,32.0,saffron
134,936.75,656.0499877929688,121.0,saffron
134,996.0,690.25,161.0,saffron
134,1127.0999755859375,643.5,339.0,saffron
134,1186.300048828125,634.4000244140625,9.0,saffron
134,1273.5999755859375,831.5,137.0,saffron
134,1229.199951171875,796.2000122070312,179.0,saffron
134,1227.0,722.1500244140625,267.0,saffron
134,1234.699951171875,652.5999755859375,356.0,saffron
134,1014.0999755859375,795.0499877929688,7.0,saffron
134,847.9000244140625,847.5,18.0,saffron
134,841.2999877929688,890.7999877929688,64.0,saffron
134,779.9000244140625,895.3499755859375,358.0,saffron
134,728.2999877929688,854.2999877929688,3.0,saffron
134,743.1500244140625,678.8499755859375,188.0,saffron
134,1024.5,637.7999877929688,341.0,saffron
134,801.4000244140625,27.791000366210938,198.0,saffron
134,715.5999755859375,50.525001525878906,313.0,saffron
134,294.3399963378906,205.27999877929688,358.0,saffron
134,190.41000366210938,19.04800033569336,28.0,saffron
134,403.7900085449219,296.2099914550781,221.0,saffron
134,400.6300048828125,329.42999267578125,151.0,saffron
134,397.489990234375,350.4200134277344,82.0,saffron
134,544.75,447.4599914550781,278.0,saffron
134,407.7200012207031,431.7300109863281,0.0,saffron
134,347.8800048828125,431.7300109863281,180.0,saffron
134,299.05999755859375,450.9599914550781,133.0,saffron
134,347.1000061035156,499.04998779296875,94.0,saffron
134,529.75,521.7999877929688,119.0,saffron
134,416.3800048828125,573.3499755859375,221.0,saffron
134,313.239990234375,607.4500122070312,125.0,saffron
134,58.125,409.8699951171875,216.0,saffron
134,657.2000122070312,661.7999877929688,198.0,saffron
134,615.75,781.2000122070312,16.0,saffron
134,696.3499755859375,710.0499877929688,353.0,saffron
134,733.25,704.3499755859375,20.0,saffron
134,545.75,750.1500244140625,218.0,saffron
134,492.260009765625,736.25,334.0,saffron
134,470.4200134277344,770.5999755859375,73.0,saffron
134,416.20001220703125,720.7000122070312,127.0,saffron
134,213.6199951171875,683.9000244140625,226.0,saffron
134,350.67999267578125,628.2999877929688,4.0,saffron
134,117.97000122070312,703.5499877929688,148.0,saffron
134,201.55999755859375,901.4500122070312,233.0,saffron
134,389.0799865722656,907.9500122070312,180.0,saffron
134,432.760009765625,910.4000244140625,271.0,saffron
134,253.52999877929688,942.2999877929688,30.0,saffron
134,420.7099914550781,653.6500244140625,228.0,saffron
134,398.8800048828125,669.2000122070312,156.0,saffron
134,295.70001220703125,776.2999877929688,16.0,saffron
134,344.29998779296875,553.1500244140625,190.0,saffron
134,355.9200134277344,552.5,30.0,saffron
134,515.7999877929688,282.6000061035156,232.0,saffron
134,513.8499755859375,151.3699951171875,191.0,saffron
134,952.5999755859375,387.510009765625,113.0,saffron
134,959.2000122070312,424.7900085449219,110.0,saffron
134,1115.5,710.5499877929688,265.0,saffron
134,404.5799865722656,744.0999755859375,29.0,saffron
134,288.2099914550781,563.5499877929688,193.0,saffron
134,729.5999755859375,779.5499877929688,80.0,saffron
